Effect.size,Citation,Enemy,Focal species,Associated species,Human.Parasite,Macroparasite,Route,Generalist,Manipulative,Proportion.Focal,Standardized.density,g,var_g
1,"B. F. Allan et al., Ecological correlates of risk and incidence of West Nile virus in the United States. Oecologia 158, 699-708 (2009).",West Nile Virus,,Bird (Shannon) diversity,Yes,No,Complex,Yes,No,,,-2.533936652,0.607537259
2,"S. Carver et al., A temporal dilution effect: hantavirus infection in deer mice and the intermittent presence of voles in Montana. Oecologia 166, 713-721 (2011).",Sin Nombre virus,Deer mice,voles,Yes,No,Direct,No,No,,,-0.599500605,0.084745416
3,"S. Carver et al., A temporal dilution effect: hantavirus infection in deer mice and the intermittent presence of voles in Montana. Oecologia 166, 713-721 (2011).",Sin Nombre virus,Deer mice,voles,Yes,No,Direct,No,No,,,-0.435259571,0.024723511
4,"S. Carver et al., A temporal dilution effect: hantavirus infection in deer mice and the intermittent presence of voles in Montana. Oecologia 166, 713-721 (2011).",Sin Nombre virus,Deer mice,voles,Yes,No,Direct,No,No,,,-0.279425466,0.02406058
5,"A. Chabi-Olaye, C. Nolte, F. Schulthess, C. Borgemeister, Abundance, dispersion and parasitism of the stem borer Busseola fusca (Lepidoptera : Noctuidae) in maize in the humid forest zone of southern Cameroon. Bulletin of Entomological Research 95, 169-177 (2005).",Busseola fusca,Zea mays,Manihot esculenta,No,Yes,Direct,No,Yes,0.5,0.5,-0.857777216,0.424058193
6,"A. Chabi-Olaye, C. Nolte, F. Schulthess, C. Borgemeister, Abundance, dispersion and parasitism of the stem borer Busseola fusca (Lepidoptera : Noctuidae) in maize in the humid forest zone of southern Cameroon. Bulletin of Entomological Research 95, 169-177 (2005).",Busseola fusca,Zea mays,Manihot esculenta,No,Yes,Direct,No,Yes,0.5,0.5,-0.560170071,0.39768374
7,"A. Chabi-Olaye, C. Nolte, F. Schulthess, C. Borgemeister, Abundance, dispersion and parasitism of the stem borer Busseola fusca (Lepidoptera : Noctuidae) in maize in the humid forest zone of southern Cameroon. Bulletin of Entomological Research 95, 169-177 (2005).",Busseola fusca,Zea mays,Vigna unguiculata,No,Yes,Direct,No,Yes,0.5,0.5,-1.143064781,0.459734152
8,"A. Chabi-Olaye, C. Nolte, F. Schulthess, C. Borgemeister, Abundance, dispersion and parasitism of the stem borer Busseola fusca (Lepidoptera : Noctuidae) in maize in the humid forest zone of southern Cameroon. Bulletin of Entomological Research 95, 169-177 (2005).",Busseola fusca,Zea mays,Vigna unguiculata,No,Yes,Direct,No,Yes,0.5,0.5,-0.969898124,0.436865732
9,"A. Chabi-Olaye, C. Nolte, F. Schulthess, C. Borgemeister, Abundance, dispersion and parasitism of the stem borer Busseola fusca (Lepidoptera : Noctuidae) in maize in the humid forest zone of southern Cameroon. Bulletin of Entomological Research 95, 169-177 (2005).",Busseola fusca,Zea mays,Glycine max,No,Yes,Direct,No,Yes,0.5,0.5,-0.75380169,0.413585395
10,"A. Chabi-Olaye, C. Nolte, F. Schulthess, C. Borgemeister, Abundance, dispersion and parasitism of the stem borer Busseola fusca (Lepidoptera : Noctuidae) in maize in the humid forest zone of southern Cameroon. Bulletin of Entomological Research 95, 169-177 (2005).",Busseola fusca,Zea mays,Glycine max,No,Yes,Direct,No,Yes,0.5,0.5,-0.711985,0.409754499
11,"A. Chabi-Olaye, C. Nolte, F. Schulthess, C. Borgemeister, Abundance, dispersion and parasitism of the stem borer Busseola fusca (Lepidoptera : Noctuidae) in maize in the humid forest zone of southern Cameroon. Bulletin of Entomological Research 95, 169-177 (2005).",Busseola fusca,Zea mays,Manihot esculenta,No,Yes,Direct,No,Yes,0.5,0.5,-0.694238735,0.408194797
12,"A. Chabi-Olaye, C. Nolte, F. Schulthess, C. Borgemeister, Abundance, dispersion and parasitism of the stem borer Busseola fusca (Lepidoptera : Noctuidae) in maize in the humid forest zone of southern Cameroon. Bulletin of Entomological Research 95, 169-177 (2005).",Busseola fusca,Zea mays,Manihot esculenta,No,Yes,Direct,No,Yes,0.5,0.5,-0.405822973,0.388365101
13,"A. Chabi-Olaye, C. Nolte, F. Schulthess, C. Borgemeister, Abundance, dispersion and parasitism of the stem borer Busseola fusca (Lepidoptera : Noctuidae) in maize in the humid forest zone of southern Cameroon. Bulletin of Entomological Research 95, 169-177 (2005).",Busseola fusca,Zea mays,Vigna unguiculata,No,Yes,Direct,No,Yes,0.5,0.5,-0.783429106,0.416431906
14,"A. Chabi-Olaye, C. Nolte, F. Schulthess, C. Borgemeister, Abundance, dispersion and parasitism of the stem borer Busseola fusca (Lepidoptera : Noctuidae) in maize in the humid forest zone of southern Cameroon. Bulletin of Entomological Research 95, 169-177 (2005).",Busseola fusca,Zea mays,Vigna unguiculata,No,Yes,Direct,No,Yes,0.5,0.5,-0.58935437,0.399780495
15,"A. Chabi-Olaye, C. Nolte, F. Schulthess, C. Borgemeister, Abundance, dispersion and parasitism of the stem borer Busseola fusca (Lepidoptera : Noctuidae) in maize in the humid forest zone of southern Cameroon. Bulletin of Entomological Research 95, 169-177 (2005).",Busseola fusca,Zea mays,Glycine max,No,Yes,Direct,No,Yes,0.5,0.5,-0.517760494,0.394826579
16,"A. Chabi-Olaye, C. Nolte, F. Schulthess, C. Borgemeister, Abundance, dispersion and parasitism of the stem borer Busseola fusca (Lepidoptera : Noctuidae) in maize in the humid forest zone of southern Cameroon. Bulletin of Entomological Research 95, 169-177 (2005).",Busseola fusca,Zea mays,Glycine max,No,Yes,Direct,No,Yes,0.5,0.5,-0.543123895,0.396508306
17,"A. Chabi-Olaye, C. Nolte, F. Schulthess, C. Borgemeister, Abundance, dispersion and parasitism of the stem borer Busseola fusca (Lepidoptera : Noctuidae) in maize in the humid forest zone of southern Cameroon. Bulletin of Entomological Research 95, 169-177 (2005).",Busseola fusca,Zea mays,Manihot esculenta,No,Yes,Direct,No,Yes,0.5,0.5,-0.192792876,0.380394902
18,"A. Chabi-Olaye, C. Nolte, F. Schulthess, C. Borgemeister, Abundance, dispersion and parasitism of the stem borer Busseola fusca (Lepidoptera : Noctuidae) in maize in the humid forest zone of southern Cameroon. Bulletin of Entomological Research 95, 169-177 (2005).",Busseola fusca,Zea mays,Manihot esculenta,No,Yes,Direct,No,Yes,0.5,0.5,-0.380838763,0.387136719
19,"A. Chabi-Olaye, C. Nolte, F. Schulthess, C. Borgemeister, Abundance, dispersion and parasitism of the stem borer Busseola fusca (Lepidoptera : Noctuidae) in maize in the humid forest zone of southern Cameroon. Bulletin of Entomological Research 95, 169-177 (2005).",Busseola fusca,Zea mays,Vigna unguiculata,No,Yes,Direct,No,Yes,0.5,0.5,-0.398488843,0.387996419
20,"A. Chabi-Olaye, C. Nolte, F. Schulthess, C. Borgemeister, Abundance, dispersion and parasitism of the stem borer Busseola fusca (Lepidoptera : Noctuidae) in maize in the humid forest zone of southern Cameroon. Bulletin of Entomological Research 95, 169-177 (2005).",Busseola fusca,Zea mays,Vigna unguiculata,No,Yes,Direct,No,Yes,0.5,0.5,-0.097760109,0.378669149
21,"A. Chabi-Olaye, C. Nolte, F. Schulthess, C. Borgemeister, Abundance, dispersion and parasitism of the stem borer Busseola fusca (Lepidoptera : Noctuidae) in maize in the humid forest zone of southern Cameroon. Bulletin of Entomological Research 95, 169-177 (2005).",Busseola fusca,Zea mays,Glycine max,No,Yes,Direct,No,Yes,0.5,0.5,-0.285805385,0.383177129
22,"A. Chabi-Olaye, C. Nolte, F. Schulthess, C. Borgemeister, Abundance, dispersion and parasitism of the stem borer Busseola fusca (Lepidoptera : Noctuidae) in maize in the humid forest zone of southern Cameroon. Bulletin of Entomological Research 95, 169-177 (2005).",Busseola fusca,Zea mays,Glycine max,No,Yes,Direct,No,Yes,0.5,0.5,-0.398488843,0.387996419
23,"A. Chabi-Olaye, C. Nolte, F. Schulthess, C. Borgemeister, Abundance, dispersion and parasitism of the stem borer Busseola fusca (Lepidoptera : Noctuidae) in maize in the humid forest zone of southern Cameroon. Bulletin of Entomological Research 95, 169-177 (2005).",Busseola fusca,Zea mays,Manihot esculenta,No,Yes,Direct,No,Yes,0.5,0.5,-0.6478013,0.404299741
24,"A. Chabi-Olaye, C. Nolte, F. Schulthess, C. Borgemeister, Abundance, dispersion and parasitism of the stem borer Busseola fusca (Lepidoptera : Noctuidae) in maize in the humid forest zone of southern Cameroon. Bulletin of Entomological Research 95, 169-177 (2005).",Busseola fusca,Zea mays,Manihot esculenta,No,Yes,Direct,No,Yes,0.5,0.5,-0.457828381,0.39117226
25,"A. Chabi-Olaye, C. Nolte, F. Schulthess, C. Borgemeister, Abundance, dispersion and parasitism of the stem borer Busseola fusca (Lepidoptera : Noctuidae) in maize in the humid forest zone of southern Cameroon. Bulletin of Entomological Research 95, 169-177 (2005).",Busseola fusca,Zea mays,Vigna unguiculata,No,Yes,Direct,No,Yes,0.5,0.5,-0.749547469,0.413185672
26,"A. Chabi-Olaye, C. Nolte, F. Schulthess, C. Borgemeister, Abundance, dispersion and parasitism of the stem borer Busseola fusca (Lepidoptera : Noctuidae) in maize in the humid forest zone of southern Cameroon. Bulletin of Entomological Research 95, 169-177 (2005).",Busseola fusca,Zea mays,Vigna unguiculata,No,Yes,Direct,No,Yes,0.5,0.5,-0.437731396,0.390047382
27,"A. Chabi-Olaye, C. Nolte, F. Schulthess, C. Borgemeister, Abundance, dispersion and parasitism of the stem borer Busseola fusca (Lepidoptera : Noctuidae) in maize in the humid forest zone of southern Cameroon. Bulletin of Entomological Research 95, 169-177 (2005).",Busseola fusca,Zea mays,Glycine max,No,Yes,Direct,No,Yes,0.5,0.5,-0.678685624,0.40686022
28,"A. Chabi-Olaye, C. Nolte, F. Schulthess, C. Borgemeister, Abundance, dispersion and parasitism of the stem borer Busseola fusca (Lepidoptera : Noctuidae) in maize in the humid forest zone of southern Cameroon. Bulletin of Entomological Research 95, 169-177 (2005).",Busseola fusca,Zea mays,Glycine max,No,Yes,Direct,No,Yes,0.5,0.5,-0.480633619,0.392509876
29,"E. Chernin, Interference with capacity of Schistosoma mansoni miracidia to infect molluscan host. Journal of Parasitology 54, 509-& (1968).",Schistosoma mansoni,B. glabrata,Helisoma caribaeum,Yes,Yes,Complex,No,Yes,0.5,1,-2.474821714,0.886892185
30,"E. Chernin, Interference with capacity of Schistosoma mansoni miracidia to infect molluscan host. Journal of Parasitology 54, 509-& (1968).",Schistosoma mansoni,B. glabrata,Helisoma anceps,Yes,Yes,Complex,No,Yes,0.5,1,-2.483678568,0.635725693
31,"C. A. Clay, E. M. Lehmer, S. S. Jeor, M. D. Dearing, Sin Nombre Virus and Rodent Species Diversity: A Test of the Dilution and Amplification Hypotheses. Plos One 4,  (2009).",Sin Nombre virus,Deer mice,Small mammals,Yes,No,Direct,Yes,No,,,-1.152174949,0.307069498
32,"C. Combes, H. Mone, Possible mechanisms of the decoy effect in Schistosoma mansoni transmission. International Journal for Parasitology 17, 971-975 (1987).",Schistosoma mansoni,B.glabrata,M.conuarietis,Yes,Yes,Complex,No,Yes,0.5,1,-0.673102586,0.026178682
33,"N. A. Evans, D. M. Gordon, Experimental observations on the specificity of Echinoparyphium recurvatum toard 2nd intermediate hosts. Zeitschrift Fur Parasitenkunde-Parasitology Research 69, 217-222 (1983).",Echinoparyphium recurvatum,L. peregra,L. stagnalis,No,Yes,Complex,No,Yes,0.2,1,-1.458273971,0.104928427
34,"N. A. Evans, D. M. Gordon, Experimental observations on the specificity of Echinoparyphium recurvatum toard 2nd intermediate hosts. Zeitschrift Fur Parasitenkunde-Parasitology Research 69, 217-222 (1983).",Echinoparyphium recurvatum,L. peregra,G. albus,No,Yes,Complex,No,Yes,0.2,1,-0.216291471,0.089591373
35,"N. A. Evans, D. M. Gordon, Experimental observations on the specificity of Echinoparyphium recurvatum toard 2nd intermediate hosts. Zeitschrift Fur Parasitenkunde-Parasitology Research 69, 217-222 (1983).",Echinoparyphium recurvatum,L. peregra,"P. fontinalis, G. albus, L. stagnalis",No,Yes,Complex,No,Yes,0.2,1,-1.771134773,0.120717554
36,"J. E. Foley, N. C. Nieto, P. Foley, Emergence of Tick-Borne Granulocytic Anaplasmosis Associated with Habitat Type and Forest Change in Northern California. American Journal of Tropical Medicine and Hygiene 81, 1132-1140 (2009).",Anaplasma phagocytophilum,many,small mammals,Yes,No,Complex,Yes,No,,,-0.326899128,0.245292275
37,"L. Hantsch, U. Braun, M. Scherer-Lorenzen, H. Bruelheide, Species richness and species identity effects on occurrence of foliar fungal pathogens in a tree diversity experiment. Ecosphere 4,  (2013).",Erysiphe alphitoides,Quercus,"Four species total: Quercus [petraea and robur], Fagus sylvatica, Picea abies, Psuedotsuga menziesii",No,No,Direct,No,Yes,0.25,0.25,-1.457765023,0.218902799
38,"L. Hantsch, U. Braun, M. Scherer-Lorenzen, H. Bruelheide, Species richness and species identity effects on occurrence of foliar fungal pathogens in a tree diversity experiment. Ecosphere 4,  (2013).",Erysiphe hypophylla,Quercus,"Four species total: Quercus [petraea and robur], Fagus sylvatica, Picea abies, Psuedotsuga menziesii",No,No,Direct,No,Yes,0.25,0.25,-0.956783339,0.187555708
39,"L. Hantsch, U. Braun, M. Scherer-Lorenzen, H. Bruelheide, Species richness and species identity effects on occurrence of foliar fungal pathogens in a tree diversity experiment. Ecosphere 4,  (2013).",Phyllactinia orbiculata,Fagus sylvatica,"Four species total: Quercus [petraea and robur], Fagus sylvatica, Picea abies, Psuedotsuga menziesii",No,No,Direct,No,Yes,0.25,,-4.621301743,0.458408215
40,"P. T. J. Johnson, R. B. Hartson, D. J. Larson, D. R. Sutherland, Diversity and disease: community structure drives parasite transmission and host fitness. Ecology Letters 11, 1017-1026 (2008).",Ribeiroia ondatrae,Bufo americanus,Hyla versicolor,No,Yes,Complex,Yes,Yes,0.5,1,-0.74057043,0.06951668
41,"P. T. J. Johnson, R. B. Hartson, D. J. Larson, D. R. Sutherland, Diversity and disease: community structure drives parasite transmission and host fitness. Ecology Letters 11, 1017-1026 (2008).",Ribeiroia ondatrae,Bufo americanus,Hyla versicolor,No,Yes,Complex,Yes,Yes,0.5,0.5,-1.197067705,0.076887735
42,"P. T. J. Johnson, R. B. Hartson, D. J. Larson, D. R. Sutherland, Diversity and disease: community structure drives parasite transmission and host fitness. Ecology Letters 11, 1017-1026 (2008).",Ribeiroia ondatrae,Bufo americanus,Hyla versicolor,No,Yes,Complex,Yes,Yes,0.5,1,-1.062086373,0.074346538
43,"P. T. J. Johnson, R. B. Hartson, D. J. Larson, D. R. Sutherland, Diversity and disease: community structure drives parasite transmission and host fitness. Ecology Letters 11, 1017-1026 (2008).",Ribeiroia ondatrae,Bufo americanus,Hyla versicolor,No,Yes,Complex,Yes,Yes,0.5,0.5,-0.380942234,0.066155617
44,"P. T. J. Johnson, R. B. Hartson, D. J. Larson, D. R. Sutherland, Diversity and disease: community structure drives parasite transmission and host fitness. Ecology Letters 11, 1017-1026 (2008).",Ribeiroia ondatrae,Bufo americanus,Hyla versicolor,No,Yes,Complex,Yes,Yes,0.5,0.5,-1.499898229,0.518677752
45,"P. T. J. Johnson, R. B. Hartson, D. J. Larson, D. R. Sutherland, Diversity and disease: community structure drives parasite transmission and host fitness. Ecology Letters 11, 1017-1026 (2008).",Ribeiroia ondatrae,Bufo americanus,Rana cascadens,No,Yes,Complex,Yes,Yes,0.5,0.5,0.599979042,0.400570262
46,"P. T. J. Johnson, R. B. Hartson, D. J. Larson, D. R. Sutherland, Diversity and disease: community structure drives parasite transmission and host fitness. Ecology Letters 11, 1017-1026 (2008).",Ribeiroia ondatrae,Bufo americanus,Hyla versicolor and Rana cascadens,No,Yes,Complex,Yes,Yes,0.33,0.333333333,-1.623145536,0.542734423
47,"P. T. J. Johnson, D. L. Preston, J. T. Hoverman, B. E. LaFonte, Host and parasite diversity jointly control disease risk in complex communities. Proceedings of the National Academy of Sciences of the United States of America 110, 16916-16921 (2013).",Ribeiroia ondatrae,P. regilla,2 others,No,Yes,Complex,Yes,Yes,0.333333333,0.333333333,-4.065988261,0.429875497
48,"P. T. J. Johnson, D. L. Preston, J. T. Hoverman, B. E. LaFonte, Host and parasite diversity jointly control disease risk in complex communities. Proceedings of the National Academy of Sciences of the United States of America 110, 16916-16921 (2013).",Ribeiroia ondatrae,P. regilla,2 others,No,Yes,Complex,Yes,Yes,0.333333333,0.333333333,-2.943180558,0.289340698
49,"P. T. J. Johnson, D. L. Preston, J. T. Hoverman, B. E. LaFonte, Host and parasite diversity jointly control disease risk in complex communities. Proceedings of the National Academy of Sciences of the United States of America 110, 16916-16921 (2013).",Ribeiroia ondatrae,P. regilla,2 others,No,Yes,Complex,Yes,Yes,0.333333333,0.333333333,-0.52176834,0.139518026
50,"P. T. J. Johnson, D. L. Preston, J. T. Hoverman, B. E. LaFonte, Host and parasite diversity jointly control disease risk in complex communities. Proceedings of the National Academy of Sciences of the United States of America 110, 16916-16921 (2013).",Ribeiroia ondatrae,P. regilla,2 others,No,Yes,Complex,Yes,Yes,0.333333333,0.333333333,0.018286667,0.13466253
51,"P. T. J. Johnson, D. L. Preston, J. T. Hoverman, B. E. LaFonte, Host and parasite diversity jointly control disease risk in complex communities. Proceedings of the National Academy of Sciences of the United States of America 110, 16916-16921 (2013).",Ribeiroia ondatrae,P. regilla,"Lithobates catesbeianus, Anaxyrus boreaus, Rana luiteiventris",No,No,Complex,Yes,Yes,0.25,0.25,-3.032244343,0.413318307
52,"P. T. J. Johnson, D. L. Preston, J. T. Hoverman, B. E. LaFonte, Host and parasite diversity jointly control disease risk in complex communities. Proceedings of the National Academy of Sciences of the United States of America 110, 16916-16921 (2013).",Ribeiroia ondatrae,P. regilla,"Lithobates catesbeianus, Anaxyrus boreaus, Rana luiteiventris",No,No,Complex,Yes,Yes,0.25,0.25,-1.712709818,0.256790037
53,"P. T. J. Johnson, D. L. Preston, J. T. Hoverman, B. E. LaFonte, Host and parasite diversity jointly control disease risk in complex communities. Proceedings of the National Academy of Sciences of the United States of America 110, 16916-16921 (2013).",Ribeiroia ondatrae,P. regilla,"Lithobates catesbeianus, Anaxyrus boreaus, Rana luiteiventris",No,No,Complex,Yes,Yes,0.25,0.25,-1.598581446,0.24734223
54,"P. T. J. Johnson, D. L. Preston, J. T. Hoverman, B. E. LaFonte, Host and parasite diversity jointly control disease risk in complex communities. Proceedings of the National Academy of Sciences of the United States of America 110, 16916-16921 (2013).",Ribeiroia ondatrae,P. regilla,"Lithobates catesbeianus, Anaxyrus boreaus, Rana luiteiventris",No,No,Complex,Yes,Yes,0.25,0.25,-1.067041151,0.211920084
55,"Z. R. Khan et al., Management of witchweed, Striga hermonthica, and stemborers in sorghum, Sorghum bicolor, through intercropping with greenleaf desmodium, Desmodium intortum. International Journal of Pest Management 52, 297-302 (2006).",Chilo partellus,Sorghum bicolor,Desmodium intortum,No,Yes,Direct,No,Yes,0.5,0.5,-0.692387716,0.466616729
56,"Z. R. Khan et al., Management of witchweed, Striga hermonthica, and stemborers in sorghum, Sorghum bicolor, through intercropping with greenleaf desmodium, Desmodium intortum. International Journal of Pest Management 52, 297-302 (2006).",Chilo partellus,Sorghum bicolor,Desmodium intortum,No,Yes,Direct,No,Yes,0.5,0.5,-2.117860556,0.800444444
57,"Z. R. Khan et al., Management of witchweed, Striga hermonthica, and stemborers in sorghum, Sorghum bicolor, through intercropping with greenleaf desmodium, Desmodium intortum. International Journal of Pest Management 52, 297-302 (2006).",Chilo partellus,Sorghum bicolor,Desmodium intortum,No,Yes,Direct,No,Yes,0.5,0.5,-1.841117543,0.709142817
58,"Z. R. Khan et al., Management of witchweed, Striga hermonthica, and stemborers in sorghum, Sorghum bicolor, through intercropping with greenleaf desmodium, Desmodium intortum. International Journal of Pest Management 52, 297-302 (2006).",Chilo partellus,Sorghum bicolor,Desmodium intortum,No,Yes,Direct,No,Yes,0.5,0.5,-1.126130005,0.532347399
59,"Z. R. Khan et al., Management of witchweed, Striga hermonthica, and stemborers in sorghum, Sorghum bicolor, through intercropping with greenleaf desmodium, Desmodium intortum. International Journal of Pest Management 52, 297-302 (2006).",Chilo partellus,Sorghum bicolor,Desmodium intortum,No,Yes,Direct,No,Yes,0.5,0.5,-2.509407789,0.951427288
60,"Z. R. Khan et al., Management of witchweed, Striga hermonthica, and stemborers in sorghum, Sorghum bicolor, through intercropping with greenleaf desmodium, Desmodium intortum. International Journal of Pest Management 52, 297-302 (2006).",Chilo partellus,Sorghum bicolor,Desmodium intortum,No,Yes,Direct,No,Yes,0.5,0.5,-1.244689052,0.555770903
61,"Z. R. Khan et al., Management of witchweed, Striga hermonthica, and stemborers in sorghum, Sorghum bicolor, through intercropping with greenleaf desmodium, Desmodium intortum. International Journal of Pest Management 52, 297-302 (2006).",Striga hermonthica,Sorghum bicolor,Desmodium intortum,No,Yes,Direct,No,Yes,0.5,0.5,-1.725413637,0.564137597
62,"Z. R. Khan et al., Management of witchweed, Striga hermonthica, and stemborers in sorghum, Sorghum bicolor, through intercropping with greenleaf desmodium, Desmodium intortum. International Journal of Pest Management 52, 297-302 (2006).",Striga hermonthica,Sorghum bicolor,Desmodium intortum,No,Yes,Direct,No,Yes,0.5,0.5,-1.298722847,0.483489398
63,"Z. R. Khan et al., Management of witchweed, Striga hermonthica, and stemborers in sorghum, Sorghum bicolor, through intercropping with greenleaf desmodium, Desmodium intortum. International Journal of Pest Management 52, 297-302 (2006).",Striga hermonthica,Sorghum bicolor,Desmodium intortum,No,Yes,Direct,No,Yes,0.5,0.5,-1.047526286,0.446653791
64,"Z. R. Khan et al., Management of witchweed, Striga hermonthica, and stemborers in sorghum, Sorghum bicolor, through intercropping with greenleaf desmodium, Desmodium intortum. International Journal of Pest Management 52, 297-302 (2006).",Striga hermonthica,Sorghum bicolor,Desmodium intortum,No,Yes,Direct,No,Yes,0.5,0.5,-1.516586897,0.521824072
65,"Z. R. Khan et al., Management of witchweed, Striga hermonthica, and stemborers in sorghum, Sorghum bicolor, through intercropping with greenleaf desmodium, Desmodium intortum. International Journal of Pest Management 52, 297-302 (2006).",Striga hermonthica,Sorghum bicolor,Desmodium intortum,No,Yes,Direct,No,Yes,0.5,0.5,-5.908936298,3.336294014
66,"Z. R. Khan et al., Management of witchweed, Striga hermonthica, and stemborers in sorghum, Sorghum bicolor, through intercropping with greenleaf desmodium, Desmodium intortum. International Journal of Pest Management 52, 297-302 (2006).",Striga hermonthica,Sorghum bicolor,Desmodium intortum,No,Yes,Direct,No,Yes,0.5,0.5,-2.803872158,1.081808256
67,"K. Kopp, J. Jokela, Resistant invaders can convey benefits to native species. Oikos 116, 295-301 (2007).",Microphallus sp.,P. antipodarum,L stagnalis,No,Yes,Complex,No,Yes,0.5,0.5,-1.941855221,0.61374694
68,"A. Laracuente, R. A. Brown, W. Jobin, Comparison of 4 species of snails as potential decoys to intercept schistosome miracidia. American Journal of Tropical Medicine and Hygiene 28, 99-105 (1979).",Schistosoma mansoni,B. glabrata,Helisoma caribaeum,Yes,Yes,Complex,No,Yes,0.5,1,-2.528032685,0.777506162
69,"A. Laracuente, R. A. Brown, W. Jobin, Comparison of 4 species of snails as potential decoys to intercept schistosome miracidia. American Journal of Tropical Medicine and Hygiene 28, 99-105 (1979).",Schistosoma mansoni,B. glabrata,Helisoma caribaeum,Yes,Yes,Complex,No,Yes,0.166666667,1,-4.86614107,1.858029891
70,"A. Laracuente, R. A. Brown, W. Jobin, Comparison of 4 species of snails as potential decoys to intercept schistosome miracidia. American Journal of Tropical Medicine and Hygiene 28, 99-105 (1979).",Schistosoma mansoni,B. glabrata,Helisoma caribaeum,Yes,Yes,Complex,No,Yes,0.091,1,-12.67611117,13.87031621
71,"A. Laracuente, R. A. Brown, W. Jobin, Comparison of 4 species of snails as potential decoys to intercept schistosome miracidia. American Journal of Tropical Medicine and Hygiene 28, 99-105 (1979).",Schistosoma mansoni,B. glabrata,Marisa cornuarietis,Yes,Yes,Complex,No,Yes,0.5,1,-3.409999945,1.10482806
72,"A. Laracuente, R. A. Brown, W. Jobin, Comparison of 4 species of snails as potential decoys to intercept schistosome miracidia. American Journal of Tropical Medicine and Hygiene 28, 99-105 (1979).",Schistosoma mansoni,B. glabrata,Marisa cornuarietis,Yes,Yes,Complex,No,Yes,0.166666667,1,-6.414182071,2.949430061
73,"A. Laracuente, R. A. Brown, W. Jobin, Comparison of 4 species of snails as potential decoys to intercept schistosome miracidia. American Journal of Tropical Medicine and Hygiene 28, 99-105 (1979).",Schistosoma mansoni,B. glabrata,Marisa cornuarietis,Yes,Yes,Complex,No,Yes,0.091,1,-12.85351472,14.24773673
74,"A. Laracuente, R. A. Brown, W. Jobin, Comparison of 4 species of snails as potential decoys to intercept schistosome miracidia. American Journal of Tropical Medicine and Hygiene 28, 99-105 (1979).",Schistosoma mansoni,B. glabrata,Pomacea australis,Yes,Yes,Complex,No,Yes,0.5,1,-1.065986203,0.521360549
75,"A. Laracuente, R. A. Brown, W. Jobin, Comparison of 4 species of snails as potential decoys to intercept schistosome miracidia. American Journal of Tropical Medicine and Hygiene 28, 99-105 (1979).",Schistosoma mansoni,B. glabrata,Pomacea australis,Yes,Yes,Complex,No,Yes,0.166666667,1,-1.926894851,0.736076981
76,"A. Laracuente, R. A. Brown, W. Jobin, Comparison of 4 species of snails as potential decoys to intercept schistosome miracidia. American Journal of Tropical Medicine and Hygiene 28, 99-105 (1979).",Schistosoma mansoni,B. glabrata,Pomacea australis,Yes,Yes,Complex,No,Yes,0.091,1,-3.264503435,1.314748556
77,"J. A. Lau, S. Y. Strauss, Insect herbivores drive important indirect effects of exotic plants on native communities. Ecology 86, 2990-2997 (2005).",Bruchophagus sp.,Lotus wrangelianus,Medicago polymorpha,No,No,Direct,Yes,No,,1,-0.363391424,0.227597741
78,"J. A. Lau, S. Y. Strauss, Insect herbivores drive important indirect effects of exotic plants on native communities. Ecology 86, 2990-2997 (2005).",Bruchophagus sp.,Lotus wrangelianus,Medicago polymorpha,No,Yes,Direct,Yes,Yes,,1,-0.707678657,0.304890714
79,"J. A. Lau, S. Y. Strauss, Insect herbivores drive important indirect effects of exotic plants on native communities. Ecology 86, 2990-2997 (2005).",Bruchophagus sp.,Lotus wrangelianus,Medicago polymorpha,No,Yes,Direct,Yes,Yes,,1,-0.040230011,0.168308185
80,"K. Logiudice et al., Impact of host community composition on Lyme disease risk. Ecology 89, 2841-2849 (2008).",Borrelia burgdoferi,Ixodes scapularis,Mammal richness,Yes,No,Complex,Yes,No,,,0.588450292,0.162819329
81,"K. Logiudice et al., Impact of host community composition on Lyme disease risk. Ecology 89, 2841-2849 (2008).",Borrelia burgdoferi,Ixodes scapularis,Mammal richness,Yes,No,Complex,Yes,No,,,-1.139464748,0.142431928
82,"K. Logiudice et al., Impact of host community composition on Lyme disease risk. Ecology 89, 2841-2849 (2008).",Borrelia burgdoferi,Ixodes scapularis,Mammal evenness,Yes,No,Complex,Yes,No,,,0.215662144,0.151892189
83,"S. R. Loss et al., Avian host community structure and prevalence of West Nile virus in Chicago, Illinois. Oecologia 159, 415-424 (2009).",West Nile Virus,Culex,birds,Yes,No,Complex,Yes,No,,,-0.346467779,0.409536382
84,"C. A. O. Midega et al., Maize stemborer predator activity under 'push-pull' system and Bt-maize: A potential component in managing Bt resistance. International Journal of Pest Management 52, 1-10 (2006).",Busseola fusca,Zea mays,"Desmodium uncinatum, Pennisetum purpureum",No,No,Direct,No,Yes,0.5,0.5,-0.733200973,0.411670813
85,"C. A. O. Midega et al., Maize stemborer predator activity under 'push-pull' system and Bt-maize: A potential component in managing Bt resistance. International Journal of Pest Management 52, 1-10 (2006).",Chilo partellus,Zea mays,"Desmodium uncinatum, Pennisetum purpureum",No,No,Direct,No,Yes,0.5,0.5,-1.800232118,0.580624063
86,"J. N. Mills, Regulation of Rodent-Borne viruses in the natural host: implications for human disease. Archives of Virology, 45-57 (2005).",Sin Nombre virus,deer mice,small mammals,Yes,No,Direct,Yes,No,,,-11.90423502,2.577541
87,"C. Munoz-Antoli et al., Interactions related to non-host snails in the host-finding process of Euparyphium albuferensis and Echinostoma friedi (Trematoda : Echinostomatidae) miracidia. Parasitology Research 91, 353-356 (2003).",Echinostoma friedi,R. peregra,P. acuta,No,Yes,Complex,No,Yes,0.5,1,-1.752000132,0.090525513
88,"C. Munoz-Antoli et al., Interactions related to non-host snails in the host-finding process of Euparyphium albuferensis and Echinostoma friedi (Trematoda : Echinostomatidae) miracidia. Parasitology Research 91, 353-356 (2003).",Echinostoma friedi,G. chinensis,P. acuta,No,Yes,Complex,No,Yes,0.5,1,-0.973452074,0.07284305
89,"C. Munoz-Antoli et al., Interactions related to non-host snails in the host-finding process of Euparyphium albuferensis and Echinostoma friedi (Trematoda : Echinostomatidae) miracidia. Parasitology Research 91, 353-356 (2003).",Echinostoma friedi,L. fuscus,P. acuta,No,Yes,Complex,No,Yes,0.5,1,-1.443979813,0.082321957
90,"C. Munoz-Antoli et al., Interactions related to non-host snails in the host-finding process of Euparyphium albuferensis and Echinostoma friedi (Trematoda : Echinostomatidae) miracidia. Parasitology Research 91, 353-356 (2003).",Euparyphium albuferensis,G. chinensis,P. acuta,No,Yes,Complex,No,Yes,0.5,1,-0.561686474,0.042296367
91,"C. Munoz-Antoli et al., Interactions related to non-host snails in the host-finding process of Euparyphium albuferensis and Echinostoma friedi (Trematoda : Echinostomatidae) miracidia. Parasitology Research 91, 353-356 (2003).",Euparyphium albuferensis,G. chinensis,R. peregra,No,Yes,Complex,No,Yes,0.5,1,-0.908943535,0.043998656
92,"C. Munoz-Antoli et al., Interactions related to non-host snails in the host-finding process of Euparyphium albuferensis and Echinostoma friedi (Trematoda : Echinostomatidae) miracidia. Parasitology Research 91, 353-356 (2003).",Euparyphium albuferensis,G. chinensis,L. fuscus,No,Yes,Complex,No,Yes,0.5,1,-0.395506465,0.041766146
93,"S. A. Orlofske, R. C. Jadin, D. L. Preston, P. T. J. Johnson, Parasite transmission in complex communities: Predators and alternative hosts alter pathogenic infections in amphibians. Ecology 93, 1247-1253 (2012).",Ribeiroia ondatrae,psuedacris regilla,Damselfly,No,Yes,Complex,No,Yes,0.5,1,-1.267990216,0.143898785
94,"S. A. Orlofske, R. C. Jadin, D. L. Preston, P. T. J. Johnson, Parasite transmission in complex communities: Predators and alternative hosts alter pathogenic infections in amphibians. Ecology 93, 1247-1253 (2012).",Ribeiroia ondatrae,psuedacris regilla,Mosquitofish,No,Yes,Complex,No,Yes,0.5,1,-0.503432314,0.122736987
95,"S. A. Orlofske, R. C. Jadin, D. L. Preston, P. T. J. Johnson, Parasite transmission in complex communities: Predators and alternative hosts alter pathogenic infections in amphibians. Ecology 93, 1247-1253 (2012).",Ribeiroia ondatrae,psuedacris regilla,Newt,No,Yes,Complex,No,Yes,0.5,1,-2.073558321,0.185958862
96,"J. L. Orrock, B. F. Allan, C. A. Drost, Biogeographic and Ecological Regulation of Disease: Prevalence of Sin Nombre Virus in Island Mice Is Related to Island Area, Precipitation, and Predator Richness. American Naturalist 177, 691-697 (2011).",Sin Nombre virus,???,small mammals,Yes,No,Direct,Yes,No,,,-0.052220912,0.43247132
97,"P. Pats, B. Ekbom, H. Skovgard, Influence of intercropping on the abundance, distribution and parasitism of Chilo spp. (Lepidoptera: Pyralidae) eggs. Bulletin of Entomological Research 87, 507-513 (1997).",Chilo spp,Zea mays,Vigna unguiculata,No,Yes,Direct,No,Yes,0.5,0.5,-0.785253632,0.103773753
98,"P. Pats, B. Ekbom, H. Skovgard, Influence of intercropping on the abundance, distribution and parasitism of Chilo spp. (Lepidoptera: Pyralidae) eggs. Bulletin of Entomological Research 87, 507-513 (1997).",Chilo spp,Zea mays,Vigna unguiculata,No,Yes,Direct,No,Yes,0.5,0.5,0.06930583,0.096126003
99,"P. Pats, B. Ekbom, H. Skovgard, Influence of intercropping on the abundance, distribution and parasitism of Chilo spp. (Lepidoptera: Pyralidae) eggs. Bulletin of Entomological Research 87, 507-513 (1997).",Chilo spp,Zea mays,Vigna unguiculata,No,Yes,Direct,No,Yes,0.5,1,-0.309129987,0.085160652
100,"P. Pats, B. Ekbom, H. Skovgard, Influence of intercropping on the abundance, distribution and parasitism of Chilo spp. (Lepidoptera: Pyralidae) eggs. Bulletin of Entomological Research 87, 507-513 (1997).",Chilo spp,Zea mays,Vigna unguiculata,No,Yes,Direct,No,Yes,0.5,1,-0.177709781,0.084480008
101,"M. A. Prusinski et al., Habitat structure associated with Borrelia burgdorferi prevalence in small mammals in New York State. Environmental Entomology 35, 308-319 (2006).",Borrelia burgdoferi,many,small mammals,Yes,No,Complex,Yes,No,,,-0.148643627,0.311839777
102,"D. J. Salkeld, K. A. Padgett, J. H. Jones, A meta-analysis suggesting that the relationship between biodiversity and risk of zoonotic pathogen transmission is idiosyncratic. Ecology Letters 16, 679-686 (2013).",Anaplasma phagocytophilum,many,small mammals,Yes,No,Complex,Yes,No,,,0.631358816,0.439818053
103,"D. J. Salkeld, K. A. Padgett, J. H. Jones, A meta-analysis suggesting that the relationship between biodiversity and risk of zoonotic pathogen transmission is idiosyncratic. Ecology Letters 16, 679-686 (2013).",Sin Nombre virus,deer mice,small mammals,Yes,No,Direct,Yes,No,,,0.255751763,0.124683291
104,"V. O. Ezenwa, M. S. Godsey, R. J. King, S. C. Guptill, Avian diversity and West Nile virus: testing associations between biodiversity and infectious disease risk. Proceedings of the Royal Society B-Biological Sciences 273, 109-117 (2006).",West Nile Virus,Culex spp,birds,Yes,No,Complex,Yes,No,,,-1.907579221,0.917932858
105,"L. Piudo, M. J. Monteverde, R. S. Walker, R. J. Douglass, Rodent Community Structure and Andes Virus Infection in Sylvan and Peridomestic Habitats in Northwestern Patagonia, Argentina. Vector-Borne and Zoonotic Diseases 11, 315-324 (2011).",Andes virus,O. longicandatus,???,Yes,No,Direct,Yes,No,,,-0.301981755,0.082538091
106,"D. J. Salkeld, K. A. Padgett, J. H. Jones, A meta-analysis suggesting that the relationship between biodiversity and risk of zoonotic pathogen transmission is idiosyncratic. Ecology Letters 16, 679-686 (2013).",Yersinia pestis,prairie dogs,small mammals,Yes,No,Direct,Yes,No,,,0.085263568,0.238852823
107,"G. Suzan et al., Experimental Evidence for Reduced Rodent Diversity Causing Increased Hantavirus Prevalence. Plos One 4,  (2009).",Hantaviruses (Choclo and Calabazo),Oligoryzomys fulvescens & Zygodontomys brevicauda,non-reservoir mammals,Yes,No,Direct,No,Yes,,,0.223287388,0.034753649
108,"C. Schader, J. G. Zaller, U. Kopke, Cotton-basil intercropping: Effects on pests, yields and economical parameters in an organic field in Fayoum, Egypt. Biological Agriculture & Horticulture 23, 59-72 (2005).",Pectinophora gossypiella,Gossypium barbadense,Ocimum basilicum,No,Yes,Direct,No,Yes,0.79,0.79,-1.468062038,0.512772218
109,"C. Schader, J. G. Zaller, U. Kopke, Cotton-basil intercropping: Effects on pests, yields and economical parameters in an organic field in Fayoum, Egypt. Biological Agriculture & Horticulture 23, 59-72 (2005).",Pectinophora gossypiella,Gossypium barbadense,Ocimum basilicum,No,Yes,Direct,No,Yes,0.666666667,0.666666667,-2.170603719,0.672541865
110,"C. Schader, J. G. Zaller, U. Kopke, Cotton-basil intercropping: Effects on pests, yields and economical parameters in an organic field in Fayoum, Egypt. Biological Agriculture & Horticulture 23, 59-72 (2005).",Pectinophora gossypiella,Gossypium barbadense,Ocimum basilicum,No,Yes,Direct,No,Yes,0.79,0.79,-5.131997676,2.024159343
111,"C. Schader, J. G. Zaller, U. Kopke, Cotton-basil intercropping: Effects on pests, yields and economical parameters in an organic field in Fayoum, Egypt. Biological Agriculture & Horticulture 23, 59-72 (2005).",Pectinophora gossypiella,Gossypium barbadense,Ocimum basilicum,No,Yes,Direct,No,Yes,0.666666667,0.666666667,-0.576636045,0.398853654
112,"H. Skovgard, P. Pats, Reduction of stemborer damage by intercropping maize with cowpea. Agriculture Ecosystems & Environment 62, 13-19 (1997).",stemborers,Zea mays,Vigna unguiculata,No,Yes,Direct,No,Yes,0.5,0.5,0.706647743,0.468279253
113,"H. Skovgard, P. Pats, Reduction of stemborer damage by intercropping maize with cowpea. Agriculture Ecosystems & Environment 62, 13-19 (1997).",stemborers,Zea mays,Vigna unguiculata,No,Yes,Direct,No,Yes,0.5,0.5,-0.598697547,0.234672285
114,"H. Skovgard, P. Pats, Reduction of stemborer damage by intercropping maize with cowpea. Agriculture Ecosystems & Environment 62, 13-19 (1997).",stemborers,Zea mays,Vigna unguiculata,No,Yes,Direct,No,Yes,0.5,0.5,-1.057908779,0.519930915
115,"H. Skovgard, P. Pats, Reduction of stemborer damage by intercropping maize with cowpea. Agriculture Ecosystems & Environment 62, 13-19 (1997).",stemborers,Zea mays,Vigna unguiculata,No,Yes,Direct,No,Yes,0.5,0.5,-0.662433723,0.25189866
116,"H. Skovgard, P. Pats, Reduction of stemborer damage by intercropping maize with cowpea. Agriculture Ecosystems & Environment 62, 13-19 (1997).",stemborers,Zea mays,Vigna unguiculata,No,Yes,Direct,No,Yes,0.5,0.5,-0.628982118,0.346107668
117,"F. J. Soria, M. Villagran, R. Del Tio, M. E. Ocete, Incidencia de Curculio elephas Gyll. (Col., Curculionidae) en alcornocales y encinares del parque natural Sierra Norte de Sevilla. Boletin de Sanidad Vegetal Plagas 21, 195-201 (1995).",Curculio elephas,Quercus rotundifolia,Quercus suber,No,No,Direct,Yes,No,,,0.282710672,0.253258667
118,"F. J. Soria, M. Villagran, R. Del Tio, M. E. Ocete, Incidencia de Curculio elephas Gyll. (Col., Curculionidae) en alcornocales y encinares del parque natural Sierra Norte de Sevilla. Boletin de Sanidad Vegetal Plagas 21, 195-201 (1995).",Curculio elephas,Quercus suber,Quercus rotundifolia,No,No,Direct,Yes,No,,,-0.357712209,0.25497412
119,"D. W. Thieltges, M. D. Bordalo, A. C. Hernandez, K. Prinz, K. T. Jensen, Ambient fauna impairs parasite transmission in a marine parasite-host system. Parasitology 135, 1111-1116 (2008).",Himasthla elongata,Cockles,Crepidula fornicata,No,Yes,Complex,No,Yes,0.2,1,-5.75969225,1.666275953
120,"D. W. Thieltges, M. D. Bordalo, A. C. Hernandez, K. Prinz, K. T. Jensen, Ambient fauna impairs parasite transmission in a marine parasite-host system. Parasitology 135, 1111-1116 (2008).",Himasthla elongata,Cockles,Crassostrea gigas,No,Yes,Complex,No,Yes,0.5,1,-6.039960964,1.804070687
121,"D. W. Thieltges, M. D. Bordalo, A. C. Hernandez, K. Prinz, K. T. Jensen, Ambient fauna impairs parasite transmission in a marine parasite-host system. Parasitology 135, 1111-1116 (2008).",Himasthla elongata,Cockles,Mya arenaria,No,Yes,Complex,No,Yes,0.6,1,-1.373866762,0.362669914
122,"D. W. Thieltges, M. D. Bordalo, A. C. Hernandez, K. Prinz, K. T. Jensen, Ambient fauna impairs parasite transmission in a marine parasite-host system. Parasitology 135, 1111-1116 (2008).",Himasthla elongata,Cockles,Mytilus edulis,No,Yes,Complex,No,Yes,0.5,1,-4.508371882,1.130916045
123,"D. W. Thieltges, M. D. Bordalo, A. C. Hernandez, K. Prinz, K. T. Jensen, Ambient fauna impairs parasite transmission in a marine parasite-host system. Parasitology 135, 1111-1116 (2008).",Himasthla elongata,Cockles,Macoma balthica,No,Yes,Complex,No,Yes,0.166666667,1,-2.455226768,0.982344874
124,"D. W. Thieltges, M. D. Bordalo, A. C. Hernandez, K. Prinz, K. T. Jensen, Ambient fauna impairs parasite transmission in a marine parasite-host system. Parasitology 135, 1111-1116 (2008).",Himasthla elongata,Cockles,Carcinus maenas,No,Yes,Complex,No,Yes,0.130434783,1,-2.579157097,0.793825042
125,"D. W. Thieltges, M. D. Bordalo, A. C. Hernandez, K. Prinz, K. T. Jensen, Ambient fauna impairs parasite transmission in a marine parasite-host system. Parasitology 135, 1111-1116 (2008).",Himasthla elongata,Cockles,Crangon crangon,No,Yes,Complex,No,Yes,0.230769231,1,-5.190011156,2.061585321
126,"M. D. Venesky, X. Liu, E. L. Sauer, J. R. Rohr, Linking manipulative experiments to field data to test the dilution effect. Journal of Animal Ecology 83, 557-565 (2014).",Batrachochytrium dendrobatidis,Bufo terestris,"Gastrophryne, Hyla",No,No,Direct,Yes,Yes,,,-0.554284169,0.07591499
127,"C. E. Mitchell, D. Tilman, J. V. Groth, Effects of grassland plant species diversity, abundance, and composition on foliar fungal disease. Ecology 83, 1713-1726 (2002).",Unidentified fungus 1,Achillea millefolium,Many,No,No,Direct,No,Yes,,,-0.809334646,0.079684665
128,"C. E. Mitchell, D. Tilman, J. V. Groth, Effects of grassland plant species diversity, abundance, and composition on foliar fungal disease. Ecology 83, 1713-1726 (2002).",Phyllosticta sp.,Andropogon gerardi,Many,No,No,Direct,No,Yes,,,-0.541653688,0.083037898
129,"C. E. Mitchell, D. Tilman, J. V. Groth, Effects of grassland plant species diversity, abundance, and composition on foliar fungal disease. Ecology 83, 1713-1726 (2002).",Mycosphaerella sp.,Anemone cylindrica,Many,No,No,Direct,No,Yes,,,-1.896342658,0.120577547
130,"C. E. Mitchell, D. Tilman, J. V. Groth, Effects of grassland plant species diversity, abundance, and composition on foliar fungal disease. Ecology 83, 1713-1726 (2002).",Septoria sp. 1,Asclepias tuberosa,Many,No,No,Direct,No,Yes,,,-0.177857815,0.070045391
131,"C. E. Mitchell, D. Tilman, J. V. Groth, Effects of grassland plant species diversity, abundance, and composition on foliar fungal disease. Ecology 83, 1713-1726 (2002).",Septoria sp. 2,Aster azureus,Many,No,No,Direct,No,Yes,,,-2.861220855,0.187274815
132,"C. E. Mitchell, D. Tilman, J. V. Groth, Effects of grassland plant species diversity, abundance, and composition on foliar fungal disease. Ecology 83, 1713-1726 (2002).",Unidentified fungus 2,Astragalus canadensis,Many,No,No,Direct,No,Yes,,,0.062293212,0.080761746
133,"C. E. Mitchell, D. Tilman, J. V. Groth, Effects of grassland plant species diversity, abundance, and composition on foliar fungal disease. Ecology 83, 1713-1726 (2002).",Bipolaris sp.,Bouteloua gracilis,Many,No,No,Direct,No,Yes,,,-1.320631172,0.128736939
134,"C. E. Mitchell, D. Tilman, J. V. Groth, Effects of grassland plant species diversity, abundance, and composition on foliar fungal disease. Ecology 83, 1713-1726 (2002).",Unidentified fungus 3,Buchloe dactyloides,Many,No,No,Direct,No,Yes,,,-0.400538208,0.281488571
135,"C. E. Mitchell, D. Tilman, J. V. Groth, Effects of grassland plant species diversity, abundance, and composition on foliar fungal disease. Ecology 83, 1713-1726 (2002).",Unidentified bacteria 1,Coreopsis palmata,Many,No,No,Direct,No,Yes,,,-1.055285634,0.16160403
136,"C. E. Mitchell, D. Tilman, J. V. Groth, Effects of grassland plant species diversity, abundance, and composition on foliar fungal disease. Ecology 83, 1713-1726 (2002).",Unidentified fungus 4,Coreopsis palmata,Many,No,No,Direct,No,Yes,,,-0.753811918,0.147877753
137,"C. E. Mitchell, D. Tilman, J. V. Groth, Effects of grassland plant species diversity, abundance, and composition on foliar fungal disease. Ecology 83, 1713-1726 (2002).",Unidentified fungus 5,Elymus canadensis,Many,No,No,Direct,No,Yes,,,1.483243201,0.387451223
138,"C. E. Mitchell, D. Tilman, J. V. Groth, Effects of grassland plant species diversity, abundance, and composition on foliar fungal disease. Ecology 83, 1713-1726 (2002).",Puccinia emaculata,Euphorbia corollata,Many,No,No,Direct,Yes,Yes,,,0.062425483,0.070782617
139,"C. E. Mitchell, D. Tilman, J. V. Groth, Effects of grassland plant species diversity, abundance, and composition on foliar fungal disease. Ecology 83, 1713-1726 (2002).",Puccinia liatridis,Koeleria cristata,Many,No,No,Direct,Yes,Yes,,,-0.062143668,0.091856516
140,"C. E. Mitchell, D. Tilman, J. V. Groth, Effects of grassland plant species diversity, abundance, and composition on foliar fungal disease. Ecology 83, 1713-1726 (2002).",Uromyces lespedezae-procumbentis,Lespedeza capitata,Many,No,No,Direct,No,Yes,,,-0.253508362,0.07186162
141,"C. E. Mitchell, D. Tilman, J. V. Groth, Effects of grassland plant species diversity, abundance, and composition on foliar fungal disease. Ecology 83, 1713-1726 (2002).",Puccinia liatridis,Liatris aspera,Many,No,No,Direct,Yes,Yes,,,0,0.082338882
142,"C. E. Mitchell, D. Tilman, J. V. Groth, Effects of grassland plant species diversity, abundance, and composition on foliar fungal disease. Ecology 83, 1713-1726 (2002).",Septoria liatridis,Liatris aspera,Many,No,No,Direct,No,Yes,,,-0.952217241,0.102712192
143,"C. E. Mitchell, D. Tilman, J. V. Groth, Effects of grassland plant species diversity, abundance, and composition on foliar fungal disease. Ecology 83, 1713-1726 (2002).",Puccinia emaculata,Panicum virgatum,Many,No,No,Direct,Yes,Yes,,,-1.198154966,0.174590894
144,"C. E. Mitchell, D. Tilman, J. V. Groth, Effects of grassland plant species diversity, abundance, and composition on foliar fungal disease. Ecology 83, 1713-1726 (2002).",Unidentified fungus 6,Panicum virgatum,Many,No,No,Direct,No,Yes,,,-0.77737849,0.153886843
145,"C. E. Mitchell, D. Tilman, J. V. Groth, Effects of grassland plant species diversity, abundance, and composition on foliar fungal disease. Ecology 83, 1713-1726 (2002).",Unidentified fungus 7,Petalostemum purpureum,Many,No,No,Direct,No,Yes,,,-1.929175362,0.147058749
146,"C. E. Mitchell, D. Tilman, J. V. Groth, Effects of grassland plant species diversity, abundance, and composition on foliar fungal disease. Ecology 83, 1713-1726 (2002).",Unidentified fungus 8,Poa pratensis,Many,No,No,Direct,No,Yes,,,0.424271915,0.108275532
147,"C. E. Mitchell, D. Tilman, J. V. Groth, Effects of grassland plant species diversity, abundance, and composition on foliar fungal disease. Ecology 83, 1713-1726 (2002).",Septoria rudbeckiae,Rudbeckia hirta,Many,No,No,Direct,No,Yes,,,-0.124771048,0.088099678
148,"C. E. Mitchell, D. Tilman, J. V. Groth, Effects of grassland plant species diversity, abundance, and composition on foliar fungal disease. Ecology 83, 1713-1726 (2002).",Colletotrichum sp. 2,Schizachyrium scoparium,Many,No,No,Direct,No,Yes,,,0,0.079088416
149,"C. E. Mitchell, D. Tilman, J. V. Groth, Effects of grassland plant species diversity, abundance, and composition on foliar fungal disease. Ecology 83, 1713-1726 (2002).",Cercospora sp.,Solidago nemoralis,Many,No,No,Direct,No,Yes,,,-1.57495788,0.109789946
150,"C. E. Mitchell, D. Tilman, J. V. Groth, Effects of grassland plant species diversity, abundance, and composition on foliar fungal disease. Ecology 83, 1713-1726 (2002).",Colletotrichum sp. 3,Sorghastrum nutans,Many,No,No,Direct,No,Yes,,,-1.303459669,0.084910888
151,"C. E. Mitchell, D. Tilman, J. V. Groth, Effects of grassland plant species diversity, abundance, and composition on foliar fungal disease. Ecology 83, 1713-1726 (2002).",Helminthosporium sp.,Sporobolus cryptandrus,Many,No,No,Direct,No,Yes,,,-2.013240714,0.488061259
152,"C. E. Mitchell, D. Tilman, J. V. Groth, Effects of grassland plant species diversity, abundance, and composition on foliar fungal disease. Ecology 83, 1713-1726 (2002).",Unidentified fungus 9,Vicia villosa,Many,No,No,Direct,No,Yes,,,-0.342278105,0.534446764
153,"C. E. Mitchell, D. Tilman, J. V. Groth, Effects of grassland plant species diversity, abundance, and composition on foliar fungal disease. Ecology 83, 1713-1726 (2002).",Puccinia emaculata,Euphorbia corollata,Many,No,No,Direct,Yes,Yes,,,-0.701376396,0.078743691
154,"C. E. Mitchell, D. Tilman, J. V. Groth, Effects of grassland plant species diversity, abundance, and composition on foliar fungal disease. Ecology 83, 1713-1726 (2002).",Puccinia emaculata,Panicum virgatum,Many,No,No,Direct,Yes,Yes,,,-0.501782995,0.143420575
155,"C. E. Mitchell, D. Tilman, J. V. Groth, Effects of grassland plant species diversity, abundance, and composition on foliar fungal disease. Ecology 83, 1713-1726 (2002).",Phyllosticta sp.,Andropogon gerardi,Many,No,No,Direct,No,Yes,,,-0.532874593,0.076904569
156,"C. E. Mitchell, D. Tilman, J. V. Groth, Effects of grassland plant species diversity, abundance, and composition on foliar fungal disease. Ecology 83, 1713-1726 (2002).",Septoria sp. 1,Asclepias tuberosa,Many,No,No,Direct,No,Yes,,,0,0.068300011
157,"C. E. Mitchell, D. Tilman, J. V. Groth, Effects of grassland plant species diversity, abundance, and composition on foliar fungal disease. Ecology 83, 1713-1726 (2002).",Septoria sp. 2,Aster azureus,Many,No,No,Direct,No,Yes,,,-1.770576838,0.120930299
158,"C. E. Mitchell, D. Tilman, J. V. Groth, Effects of grassland plant species diversity, abundance, and composition on foliar fungal disease. Ecology 83, 1713-1726 (2002).",Puccinia emaculata,Euphorbia corollata,Many,No,No,Direct,Yes,Yes,,,-1.040492923,0.088322302
159,"C. E. Mitchell, D. Tilman, J. V. Groth, Effects of grassland plant species diversity, abundance, and composition on foliar fungal disease. Ecology 83, 1713-1726 (2002).",Uromyces lespedezae-procumbentis,Lespedeza capitata,Many,No,No,Direct,No,Yes,,,-0.747575799,0.078337123
160,"C. E. Mitchell, D. Tilman, J. V. Groth, Effects of grassland plant species diversity, abundance, and composition on foliar fungal disease. Ecology 83, 1713-1726 (2002).",Uromyces lespedezae-procumbentis,Lespedeza capitata,Many,No,No,Direct,No,Yes,,,-0.1534567,0.07802555
161,"C. E. Mitchell, D. Tilman, J. V. Groth, Effects of grassland plant species diversity, abundance, and composition on foliar fungal disease. Ecology 83, 1713-1726 (2002).",Colletotrichum sp.,Lespedeza capitata,Many,No,No,Direct,No,Yes,,,-1.273688884,0.102183658
162,"C. E. Mitchell, D. Tilman, J. V. Groth, Effects of grassland plant species diversity, abundance, and composition on foliar fungal disease. Ecology 83, 1713-1726 (2002).",Septoria liatridis,Liatris aspera,Many,No,No,Direct,No,Yes,,,-1.676559843,0.122528098
163,"C. E. Mitchell, D. Tilman, J. V. Groth, Effects of grassland plant species diversity, abundance, and composition on foliar fungal disease. Ecology 83, 1713-1726 (2002).",Erysiphe cichoracearum,Monarda fistulosa,Many,No,No,Direct,No,Yes,,,-0.901764518,0.063123503
164,"C. E. Mitchell, D. Tilman, J. V. Groth, Effects of grassland plant species diversity, abundance, and composition on foliar fungal disease. Ecology 83, 1713-1726 (2002).",Colletotrichum sp. 2,Schizachyrium scoparium,Many,No,No,Direct,No,Yes,,,-0.825670698,0.080051876
165,"C. E. Mitchell, D. Tilman, J. V. Groth, Effects of grassland plant species diversity, abundance, and composition on foliar fungal disease. Ecology 83, 1713-1726 (2002).",Colletotrichum sp. 3,Sorghastrum nutans,Many,No,No,Direct,No,Yes,,,0,0.063937899
166,"J. M. H. Knops et al., Effects of plant species richness on invasion dynamics, disease outbreaks, insect abundances and diversity. Ecology Letters 2, 286-293 (1999).",Septoria liatridis,Liatris aspera,Many,No,No,Direct,No,Yes,,,-1.127331387,0.752305309
167,"J. M. H. Knops et al., Effects of plant species richness on invasion dynamics, disease outbreaks, insect abundances and diversity. Ecology Letters 2, 286-293 (1999).",Uromyces lespedezae-procumbentis,Lespedeza capitata,Many,No,No,Direct,No,Yes,,,-4.6593613,1.979291605
168,"J. M. H. Knops et al., Effects of plant species richness on invasion dynamics, disease outbreaks, insect abundances and diversity. Ecology Letters 2, 286-293 (1999).",Erysiphe cichoracearum,Monarda fistulosa,Many,No,No,Direct,No,Yes,,,-1.031317277,0.723357053
169,"J. M. H. Knops et al., Effects of plant species richness on invasion dynamics, disease outbreaks, insect abundances and diversity. Ecology Letters 2, 286-293 (1999).",Colletotrichum sp. 2,Schizachyrium scoparium,Many,No,No,Direct,No,Yes,,,-1.613754505,0.908122719
170,"L. J. Dizney, L. A. Ruedas, Increased Host Species Diversity and Decreased Prevalence of Sin Nombre Virus. Emerging Infectious Diseases 15, 1012-1018 (2009).",Sin Nombre virus,Peromyscus maniculatus,Mammals,Yes,No,Direct,Yes,No,,,-1.548572885,0.886589645
171,"B. T. Derne, E. J. Fearnley, C. L. Lau, S. Paynter, P. Weinstein, Biodiversity and leptospirosis risk: A case of pathogen regulation? Medical Hypotheses 77, 339-344 (2011).",Leptospira spp.,Humans,Terrestrial animals,Yes,No,Direct,Yes,No,,,-4.923111195,0.633647682
172,"C. G. Becker et al., Partitioning the net effect of host diversity on an emerging amphibian pathogen. Proceedings of the Royal Society B-Biological Sciences 281,  (2014).",Batrachochytrium dendrobatidis,Brachycephalus pitanga,3 others,No,No,Direct,Yes,Yes,0.25,0.25,-0.791621316,0.308952531
173,"C. G. Becker et al., Partitioning the net effect of host diversity on an emerging amphibian pathogen. Proceedings of the Royal Society B-Biological Sciences 281,  (2014).",Batrachochytrium dendrobatidis,Ischnocnema parva,3 others,No,No,Direct,Yes,Yes,0.25,0.25,-0.342505618,0.301627373
174,"C. G. Becker et al., Partitioning the net effect of host diversity on an emerging amphibian pathogen. Proceedings of the Royal Society B-Biological Sciences 281,  (2014).",Batrachochytrium dendrobatidis,Dendropsophus minutus,3 others,No,No,Direct,Yes,Yes,0.25,0.25,-0.440112496,0.29149195
175,"C. G. Becker et al., Partitioning the net effect of host diversity on an emerging amphibian pathogen. Proceedings of the Royal Society B-Biological Sciences 281,  (2014).",Batrachochytrium dendrobatidis,Hypsiboas bandeirantes,3 others,No,No,Direct,Yes,Yes,0.25,0.25,0.048805557,0.291611356
176,"C. G. Becker et al., Partitioning the net effect of host diversity on an emerging amphibian pathogen. Proceedings of the Royal Society B-Biological Sciences 281,  (2014).",Batrachochytrium dendrobatidis,Scinax hayii,3 others,No,No,Direct,Yes,Yes,0.25,0.25,0.313221073,0.291525118
177,"C. G. Becker et al., Partitioning the net effect of host diversity on an emerging amphibian pathogen. Proceedings of the Royal Society B-Biological Sciences 281,  (2014).",Batrachochytrium dendrobatidis,Hylodes phyllodes,3 others,No,No,Direct,Yes,Yes,0.25,0.25,-0.09202204,0.289166187
178,"C. G. Becker et al., Partitioning the net effect of host diversity on an emerging amphibian pathogen. Proceedings of the Royal Society B-Biological Sciences 281,  (2014).",Batrachochytrium dendrobatidis,Physalaemus cuvieri,3 others,No,No,Direct,Yes,Yes,0.25,0.25,-0.997909135,0.31920693
179,"K. Prinz, T. C. Kelly, R. M. O'Riordan, S. C. Culloty, Non-host organisms affect transmission processes in two common trematode parasites of rocky shores. Marine Biology 156, 2303-2311 (2009).",Echinostephilia patellae,Mytilus edulis,Actinia equina,No,Yes,Complex,No,Yes,0.3,1,-3.148460935,0.697057263
180,"K. Prinz, T. C. Kelly, R. M. O'Riordan, S. C. Culloty, Non-host organisms affect transmission processes in two common trematode parasites of rocky shores. Marine Biology 156, 2303-2311 (2009).",Echinostephilia patellae,Mytilus edulis,Austrominius modestus,No,Yes,Complex,No,Yes,,1,-4.209234822,1.02225941
181,"K. Prinz, T. C. Kelly, R. M. O'Riordan, S. C. Culloty, Non-host organisms affect transmission processes in two common trematode parasites of rocky shores. Marine Biology 156, 2303-2311 (2009).",Parorchis acanthus,Mytilus edulis,Actinia equina,No,Yes,Complex,No,Yes,0.3,1,-1.863792433,0.332024894
182,"K. Prinz, T. C. Kelly, R. M. O'Riordan, S. C. Culloty, Non-host organisms affect transmission processes in two common trematode parasites of rocky shores. Marine Biology 156, 2303-2311 (2009).",Parorchis acanthus,Mytilus edulis,Austrominius modestus,No,Yes,Complex,No,Yes,,1,-2.532897961,0.423957702
183,"D. W. Thieltges, K. Reise, K. Prinz, K. T. Jensen, Invaders interfere with native parasite-host interactions. Biological Invasions 11, 1421-1429 (2009).",Himasthla elongata,Mytilus edulis,Crassostrea gigas,No,Yes,Complex,No,Yes,0.666666667,1,-1.594618227,0.536997289
184,"D. W. Thieltges, K. Reise, K. Prinz, K. T. Jensen, Invaders interfere with native parasite-host interactions. Biological Invasions 11, 1421-1429 (2009).",Himasthla elongata,Mytilus edulis,Crassostrea gigas,No,Yes,Complex,No,Yes,0.5,1,-2.133788579,0.66263769
185,"D. W. Thieltges, K. Reise, K. Prinz, K. T. Jensen, Invaders interfere with native parasite-host interactions. Biological Invasions 11, 1421-1429 (2009).",Himasthla elongata,Mytilus edulis,Crassostrea gigas,No,Yes,Complex,No,Yes,0.4,1,-2.582723481,0.79497562
186,"D. W. Thieltges, K. Reise, K. Prinz, K. T. Jensen, Invaders interfere with native parasite-host interactions. Biological Invasions 11, 1421-1429 (2009).",Himasthla elongata,Mytilus edulis,Crepidula fornicata,No,Yes,Complex,No,Yes,0.285714286,1,-0.809233007,0.419000462
187,"D. W. Thieltges, K. Reise, K. Prinz, K. T. Jensen, Invaders interfere with native parasite-host interactions. Biological Invasions 11, 1421-1429 (2009).",Himasthla elongata,Mytilus edulis,Crepidula fornicata,No,Yes,Complex,No,Yes,0.166666667,1,-1.261045969,0.477461642
188,"D. W. Thieltges, K. Reise, K. Prinz, K. T. Jensen, Invaders interfere with native parasite-host interactions. Biological Invasions 11, 1421-1429 (2009).",Himasthla elongata,Mytilus edulis,Crepidula fornicata,No,Yes,Complex,No,Yes,0.090909091,1,-1.463391193,0.511916445
189,"D. W. Thieltges, K. Reise, K. Prinz, K. T. Jensen, Invaders interfere with native parasite-host interactions. Biological Invasions 11, 1421-1429 (2009).",Himasthla elongata,Mytilus edulis,Crassostrea gigas,No,Yes,Complex,No,Yes,0.333333333,1,-2.73786495,0.846565864
190,"D. W. Thieltges, K. Reise, K. Prinz, K. T. Jensen, Invaders interfere with native parasite-host interactions. Biological Invasions 11, 1421-1429 (2009).",Himasthla elongata,Mytilus edulis,Crepidula fornicata,No,Yes,Complex,No,Yes,0.111111111,1,-2.214216087,0.684493889
191,"D. W. Thieltges, K. Reise, K. Prinz, K. T. Jensen, Invaders interfere with native parasite-host interactions. Biological Invasions 11, 1421-1429 (2009).",Himasthla elongata,Mytilus edulis,"Crassostrea gigas, Crepidula fornicata",No,Yes,Complex,No,Yes,0.166666667,1,-3.308710845,1.0622948
192,"C. Kilonzo et al., Fecal Shedding of Zoonotic Food-Borne Pathogens by Wild Rodents in a Major Agricultural Region of the Central California Coast. Applied and Environmental Microbiology 79, 6337-6344 (2013).",Escherichia coli,Small mammals,small mammals,Yes,No,Direct,Yes,No,,,-0.632853498,0.318655256
193,"C. Kilonzo et al., Fecal Shedding of Zoonotic Food-Borne Pathogens by Wild Rodents in a Major Agricultural Region of the Central California Coast. Applied and Environmental Microbiology 79, 6337-6344 (2013).",Giardia spp.,Small mammals,small mammals,Yes,No,Direct,Yes,No,,,-0.007297222,0.309848843
194,"C. Kilonzo et al., Fecal Shedding of Zoonotic Food-Borne Pathogens by Wild Rodents in a Major Agricultural Region of the Central California Coast. Applied and Environmental Microbiology 79, 6337-6344 (2013).",Salmonella enterica,Small mammals,small mammals,Yes,No,Direct,Yes,No,,,-1.224008652,0.382575214
195,"C. Kilonzo et al., Fecal Shedding of Zoonotic Food-Borne Pathogens by Wild Rodents in a Major Agricultural Region of the Central California Coast. Applied and Environmental Microbiology 79, 6337-6344 (2013).",Cryptosporidium spp,Small mammals,small mammals,Yes,No,Direct,Yes,No,,,-0.382820492,0.322638538
196,"S. C. d. C. Xavier et al., Lower Richness of Small Wild Mammal Species and Chagas Disease Risk. PLoS Negl Trop Dis 6, e1647 (2012).",Trypanosoma cruzi,Small mammals,small mammals,Yes,No,Complex,Yes,No,,,-0.680680602,0.180245368
197,"S. C. d. C. Xavier et al., Lower Richness of Small Wild Mammal Species and Chagas Disease Risk. PLoS Negl Trop Dis 6, e1647 (2012).",Trypanosoma cruzi,Small mammals,small mammals,Yes,No,Complex,Yes,No,,,-0.428735003,0.169758407
198,"S. C. d. C. Xavier et al., Lower Richness of Small Wild Mammal Species and Chagas Disease Risk. PLoS Negl Trop Dis 6, e1647 (2012).",Trypanosoma cruzi,Canis rufus,Small mammals,Yes,No,Complex,Yes,No,,,-0.912897968,0.192623075
199,"C. Lacroix et al., Non-random biodiversity loss underlies predictable increases in viral disease prevalence. Journal of the Royal Society Interface 11,  (2014).",Barley/Cereal Yellow Dwarf Virus,Bromus hordeaceus,grasses,No,No,Complex,Yes,No,,,-1.067867772,0.162226433
200,"E. Rendn-Franco, C. Muoz-Garca, E. Romero-Callejas, K. Moreno-Torres, G. Suzn, Effect of host species diversity on multiparasite systems in rodent communities. Parasitology Research 113, 447-450 (2014).",Eimeria spp,Small mammals,small mammals,No,No,Direct,Yes,No,,,-6.423098812,2.327272727
201,"E. Rendn-Franco, C. Muoz-Garca, E. Romero-Callejas, K. Moreno-Torres, G. Suzn, Effect of host species diversity on multiparasite systems in rodent communities. Parasitology Research 113, 447-450 (2014).",Eimeria spp,Small mammals,small mammals,No,No,Direct,Yes,No,,,-2.721205372,1.163636364
202,"S. M. Moore, E. T. Borer, The influence of host diversity and composition on epidemiological patterns at multiple spatial scales. Ecology 93, 1095-1105 (2012).",Barley/Cereal Yellow Dwarf Virus,grasses,grasses,No,No,Complex,Yes,No,,,-0.697834917,0.226939686
